{
    "基础模型信息": {
        "模型类型": "随机森林回归",
        "模型参数": {
            "bootstrap": true,
            "ccp_alpha": 0.0,
            "criterion": "squared_error",
            "max_depth": 5,
            "max_features": "sqrt",
            "max_leaf_nodes": null,
            "max_samples": null,
            "min_impurity_decrease": 0.0,
            "min_samples_leaf": 5,
            "min_samples_split": 10,
            "min_weight_fraction_leaf": 0.0,
            "monotonic_cst": null,
            "n_estimators": 100,
            "n_jobs": -1,
            "oob_score": false,
            "random_state": 42,
            "verbose": 0,
            "warm_start": false
        },
        "特征数量": 36,
        "训练样本数": 2069,
        "测试样本数": 340
    },
    "时间范围信息": {
        "训练集": {
            "开始年份": 1985,
            "结束年份": 2018
        },
        "测试集": {
            "开始年份": 2019,
            "结束年份": 2023
        }
    },
    "整体模型性能": {
        "训练集": {
            "R2分数": 0.9951180794050543,
            "均方误差(MSE)": 0.8352747795157627,
            "均方根误差(RMSE)": 0.9139336844190409,
            "平均绝对误差(MAE)": 0.6117375328936021
        },
        "测试集": {
            "R2分数": 0.9821666863538845,
            "均方误差(MSE)": 3.342338415267923,
            "均方根误差(RMSE)": 1.8282063382637967,
            "平均绝对误差(MAE)": 1.1275090015389508
        }
    },
    "交叉验证结果": {
        "折数": 5,
        "平均R2分数": 0.9458006312223655,
        "R2分数标准差": 0.05978995976983088,
        "各折分数": [
            0.967884570792929,
            0.9812591453838435,
            0.8268603216332586,
            0.9695158554122335,
            0.9834832628895627
        ]
    },
    "特征重要性": {
        "gdp": 0.00029725698434762335,
        "population": 0.0016931853815269932,
        "fossil_share_energy": 0.017400418498835068,
        "low_carbon_share_energy": 0.025120456095544107,
        "coal_share_energy": 0.000472593651073778,
        "oil_share_energy": 0.003339535082261676,
        "carbon_intensity_elec": 0.007634618724222449,
        "greenhouse_gas_emissions": 0.00042786780156645304,
        "electricity_demand_per_capita": 0.021633770475081988,
        "renewables_elec_per_capita": 0.03740222845623425,
        "solar_share_elec": 3.3032752788908844e-05,
        "wind_share_elec": 4.578001148967703e-05,
        "nuclear_share_elec": 0.0013481814997410105,
        "energy_per_gdp": 0.0007725496054478575,
        "renewable_share_lag_1": 0.13823146196417402,
        "renewable_share_lag_2": 0.092644118438865,
        "renewable_share_lag_3": 0.061173178459897094,
        "renewable_share_lag_4": 0.09155644511610367,
        "renewable_share_lag_5": 0.08971110032139246,
        "renewable_ma_3": 0.17392975381343984,
        "renewable_ma_5": 0.15329656706252043,
        "renewable_trend_3": 0.0010004060911765517,
        "renewable_trend_5": 0.00037791788344241126,
        "fossil_cons_change_pct": 0.0018582479386000208,
        "paris_agreement": 0.0,
        "years_since_paris": 0.0,
        "policy_strength": 0.0,
        "renewable_tech_index": 8.617804388613679e-05,
        "tech_growth_rate": 3.5846872483036783e-06,
        "energy_intensity": 0.0001269880053662689,
        "energy_per_capita": 0.0018125231495046956,
        "gdp_renewable_interaction": 0.0019184926667129448,
        "population_renewable_interaction": 0.004748317866403509,
        "policy_economic_interaction": 8.778221594819517e-06,
        "region_renewable_avg": 0.06952113319046088,
        "renewable_growth": 0.00037333205904912777
    },
    "各国预测性能": {
        "Algeria": -43.74704456054335,
        "Argentina": 0.74677108299753,
        "Australia": 0.9539127654389388,
        "Austria": -2.6224241630270626,
        "Azerbaijan": -1.6853155105183917,
        "Bangladesh": -6.518485592830521,
        "Belarus": 0.5240561124647809,
        "Belgium": 0.5535235936704644,
        "Brazil": -5.589524564451088,
        "Bulgaria": 0.6904915693537912,
        "Canada": 0.17843732705531345,
        "Chile": 0.5588981851593584,
        "China": 0.5919777850336398,
        "Colombia": 0.3930485510625753,
        "Croatia": 0.6363145498188436,
        "Czechia": -0.3071556274073226,
        "Denmark": -0.3746922340987453,
        "Ecuador": -0.69713602437722,
        "Egypt": -0.49874314433350153,
        "Estonia": 0.11252846692024077,
        "Finland": 0.44704468470693937,
        "France": 0.854394717294377,
        "Germany": 0.5670969914817101,
        "Greece": 0.8653497709312821,
        "Hungary": 0.6614520145974707,
        "India": -1.5021062355069947,
        "Indonesia": -0.6058062669369253,
        "Iran": -0.8499515992815496,
        "Ireland": -0.6250530747503995,
        "Israel": 0.7021262415471254,
        "Italy": 0.5021991261960136,
        "Japan": 0.8788426651361195,
        "Kazakhstan": 0.7078106048660016,
        "Latvia": 0.7496729599801553,
        "Lithuania": 0.8629756653769075,
        "Luxembourg": 0.06318042861520823,
        "Malaysia": -1.2230986626023106,
        "Mexico": 0.08142734397118889,
        "Morocco": -2.0422237706578112,
        "Netherlands": 0.7312781607540129,
        "New Zealand": 0.27149967548862763,
        "North Macedonia": 0.7428974005665385,
        "Norway": -0.35715927304700634,
        "Pakistan": -0.5690651336299863,
        "Peru": 0.5850465310280084,
        "Philippines": -0.609366169603883,
        "Poland": 0.6379428664930603,
        "Portugal": 0.4492085689752976,
        "Romania": 0.8987401442634264,
        "Russia": 0.0841123470019064,
        "Slovakia": -4.851861183780365,
        "Slovenia": 0.4627745281126232,
        "South Africa": 0.963899562083903,
        "South Korea": 0.9753410299586455,
        "Spain": 0.7942083515233255,
        "Sweden": -5.583137362165014,
        "Switzerland": -1.4760508837001654,
        "Taiwan": 0.817762321848671,
        "Thailand": -5.737776570450785,
        "Trinidad and Tobago": -228845.11715092612,
        "Turkey": 0.22031661438230798,
        "Ukraine": 0.6907220225098749,
        "United Kingdom": 0.6033530765873873,
        "United States": 0.017908623405952562,
        "Uzbekistan": 0.299946167128732,
        "Venezuela": -0.029656694876859735,
        "Vietnam": 0.6822510812049065,
        "World": -0.006301979601307073
    }
}